,precision,recall,f1-score,support
ambiguous,0.11097461097461098,0.07159841479524438,0.0870403083346716,3785.0
negative,0.22857142857142856,0.2570281124497992,0.24196597353497165,7719.0
neutral,0.32381327555643097,0.2989090909090909,0.3108631937222274,11000.0
positive,0.34011605415860735,0.3758228605625374,0.3570790350093412,11697.0
accuracy,0.2906055378497705,0.2906055378497705,0.2906055378497705,0.2906055378497705
macro avg,0.2508688423152695,0.25083961967916796,0.24923712765030298,34201.0
weighted avg,0.2843386239085328,0.2906055378497705,0.2863492740040333,34201.0
