,precision,recall,f1-score,support
ambiguous,0.11136057476425684,0.06555643669045731,0.08252911813643926,3783.0
negative,0.2321882951653944,0.2364295893250421,0.23428974902111818,7719.0
neutral,0.3166855845629966,0.2791268758526603,0.2967224209610365,10995.0
positive,0.33784252514741586,0.4163816689466484,0.37302286392708056,11696.0
accuracy,0.292808469569795,0.292808469569795,0.292808469569795,0.292808469569795
macro avg,0.24951924491001595,0.24937364270370205,0.24664103801141862,34193.0
weighted avg,0.2821309239057464,0.292808469569795,0.2850299377522268,34193.0
