,precision,recall,f1-score,support
ambiguous,0.39113300492610836,0.41548927263212976,0.40294341537680795,3822.0
negative,0.5421172073154452,0.5273341124529282,0.5346234860452869,7701.0
neutral,0.5065276603738142,0.48752485988067257,0.4968446266525404,11062.0
positive,0.6556797632747,0.6772221750573054,0.666276884527041,11779.0
accuracy,0.5534571062740077,0.5534571062740077,0.5534571062740077,0.5534571062740077
macro avg,0.523864408972517,0.526892605005759,0.5251721031504191,34364.0
weighted avg,0.5527940830238522,0.5534571062740077,0.5529436585519536,34364.0
