,precision,recall,f1-score,support
ambiguous,0.4789533560864619,0.22030350601779172,0.3017921146953405,3822.0
negative,0.5406860483002615,0.4564935064935065,0.49503556087599465,7700.0
neutral,0.47013206388206386,0.5538670284938941,0.5085759375389344,11055.0
positive,0.6248661055853099,0.6935292119565217,0.6574096434033647,11776.0
accuracy,0.54280557738771,0.54280557738771,0.54280557738771,0.54280557738771
macro avg,0.5286593934635243,0.4810483132404285,0.49070331412840856,34353.0
weighted avg,0.539969595798425,0.54280557738771,0.533554165031342,34353.0
