,precision,recall,f1-score,support
ambiguous,0.42863105175292154,0.2687074829931973,0.3303312962367321,3822.0
negative,0.49627906976744185,0.5542857142857143,0.523680981595092,7700.0
neutral,0.47600212976344414,0.566078697421981,0.5171473431947774,11055.0
positive,0.6994123408423114,0.6064028532608695,0.6495951969435093,11776.0
accuracy,0.5441737257299217,0.5441737257299217,0.5441737257299217,0.5441737257299217
macro avg,0.5250811480315297,0.4988686869904405,0.5051887044925277,34353.0
weighted avg,0.5518603902804093,0.5441737257299217,0.543229607042297,34353.0
