,precision,recall,f1-score,support
ambiguous,0.41264090177133655,0.2681841967556253,0.3250872185220425,3822.0
negative,0.49834700624464306,0.5285714285714286,0.5130144324699061,7700.0
neutral,0.48416608022519353,0.4978742650384441,0.4909244971680863,11055.0
positive,0.6404248419004378,0.6707710597826086,0.655246785566155,11776.0
accuracy,0.5384682560475068,0.5384682560475068,0.5384682560475068,0.5384682560475068
macro avg,0.5088947075354028,0.49135023753702667,0.49606823343154743,34353.0
weighted avg,0.5329515451274378,0.5384682560475068,0.5337539936025897,34353.0
